date,Harold Lloyd,Charles Chaplin,Jacques Tati,Buster Keaton,Luis Bunuel,Fritz Lang,Wong Kar-wai,Wes Anderson,Agatha Christie,Satoshi Kon,Edward Yang,Billy Wilder,Woody Allen,Quentin Tarantino,Akira Kurosawa,Francois Truffaut,Jean-Luc Godard,Aki Kaurismaki,Hongchou Li
2021-12-03,0,0,0,0,0,0,0,0,0,0,0,0,0,0,0,0,0,0,0
2021-12-04,0,0,0,0,0,0,0,0,0,0,0,0,0,0,0,0,0,0,0
2021-12-05,0,0,0,5,10,15,0,0,0,0,0,0,0,0,0,0,0,33,0
2021-12-06,0,0,0,5,9,6,0,0,0,0,0,0,0,0,0,0,0,16,21
2021-12-07,0,0,0,7,6,3,0,31,0,18,0,0,0,0,0,8,0,13,6
2021-12-08,0,0,0,6,18,7,0,43,0,22,28,0,0,0,0,15,0,8,3
2021-12-09,0,0,0,6,7,0,44,37,18,16,24,11,0,0,0,9,16,7,4
2021-12-10,0,0,0,3,5,7,48,41,10,25,27,15,43,0,21,11,25,14,1
2021-12-11,0,0,0,12,7,3,58,31,22,32,30,14,40,54,25,14,36,37,3
2021-12-12,0,0,0,14,9,3,33,43,16,25,26,15,42,50,28,12,23,22,1
2021-12-13,0,0,0,8,11,7,32,31,15,25,27,17,42,45,19,17,30,13,2
2021-12-14,0,0,0,7,4,4,34,0,13,20,27,10,26,41,24,6,21,9,5
2021-12-15,0,0,0,4,9,7,31,0,13,18,15,10,35,34,21,15,24,13,3
2021-12-16,0,0,0,10,2,4,33,0,12,28,32,9,36,43,13,10,29,6,0
2021-12-17,0,0,0,6,6,3,33,0,17,27,15,7,25,38,26,9,18,7,0
2021-12-18,0,0,0,8,10,2,40,0,11,22,20,14,36,40,25,15,16,17,4
2021-12-19,0,0,0,4,4,10,33,0,14,30,27,8,31,47,33,14,26,11,0
2021-12-20,0,0,0,7,6,5,28,86,11,22,16,13,24,36,16,14,20,14,2
2021-12-21,0,0,0,5,9,2,30,83,10,25,19,14,29,34,14,5,5,9,2
2021-12-22,0,0,0,3,8,3,23,72,18,19,26,13,35,37,21,13,20,8,3
2021-12-23,0,0,0,7,11,2,34,95,18,27,20,10,21,45,31,13,25,5,1
2021-12-24,0,0,0,4,6,2,32,86,18,32,28,19,36,37,21,13,13,7,3
2021-12-25,0,0,0,11,8,5,47,0,21,33,17,12,45,49,23,5,12,13,1
2021-12-26,0,0,0,12,2,3,39,0,9,34,18,16,63,63,21,8,11,8,1
2021-12-27,0,0,0,7,4,1,23,78,8,21,10,10,46,32,25,5,14,9,1
2021-12-28,0,0,0,8,3,7,41,68,12,28,15,13,45,51,22,11,21,12,3
2021-12-29,0,0,0,5,6,4,36,83,24,40,27,20,46,38,31,13,12,12,1
2021-12-30,0,0,0,8,8,3,59,75,17,22,22,10,43,35,22,5,12,19,1
2021-12-31,0,0,0,3,3,1,36,65,9,33,20,17,44,39,20,6,8,7,0
2022-01-01,0,0,0,9,7,3,47,0,26,26,19,13,53,64,31,8,22,6,1
2022-01-02,0,0,0,8,7,6,50,0,24,43,32,15,52,60,40,13,18,12,3
2022-01-03,0,0,0,8,11,3,46,0,33,34,25,15,66,47,26,10,19,13,1
2022-01-04,0,0,0,4,11,2,52,93,21,27,24,22,54,45,24,13,10,16,1
2022-01-05,0,0,0,8,17,2,29,81,18,27,28,15,59,38,30,12,23,17,1
2022-01-06,0,0,0,8,10,5,39,66,25,27,30,12,49,34,30,16,30,17,3
2022-01-07,0,0,0,16,4,1,49,63,23,32,23,19,53,41,53,18,26,13,3
2022-01-08,0,0,0,7,15,2,66,73,23,36,37,28,37,61,51,22,29,12,0
2022-01-09,0,0,0,7,2,5,51,86,20,31,22,29,48,51,35,9,28,16,2
2022-01-10,0,0,0,10,5,5,50,68,25,22,19,14,36,39,32,11,19,13,1
2022-01-11,0,0,0,11,11,8,38,72,25,23,23,24,36,45,28,10,17,7,2
2022-01-12,0,0,0,12,12,2,29,59,36,19,25,14,39,38,47,9,26,9,1
2022-01-13,0,0,0,8,10,2,39,52,29,32,31,20,27,44,0,13,26,13,3
2022-01-14,0,0,0,8,8,1,26,57,30,32,22,19,39,38,44,17,17,17,3
2022-01-15,0,0,0,15,4,0,49,71,24,22,40,20,50,38,43,17,32,16,3
2022-01-16,0,0,0,14,9,3,37,57,22,29,27,17,43,50,39,15,21,30,2
2022-01-17,0,0,0,6,10,4,36,63,20,31,19,19,30,48,37,13,17,21,1
2022-01-18,0,0,0,8,5,6,48,0,17,36,21,20,45,60,28,13,24,17,2
2022-01-19,0,0,0,10,4,6,23,66,34,24,25,20,30,51,39,9,21,16,1
2022-01-20,0,0,0,12,6,2,28,75,25,14,28,9,99,50,40,10,21,12,1
2022-01-21,0,0,0,5,8,2,36,54,29,21,28,15,62,40,35,13,24,8,2
2022-01-22,0,0,0,8,12,1,41,65,23,23,28,21,68,67,42,9,16,23,0
2022-01-23,0,0,0,7,8,6,46,93,33,24,42,24,56,67,43,22,25,11,7
2022-01-24,0,0,0,8,6,5,38,50,23,34,38,13,39,43,32,13,25,9,3
2022-01-25,0,0,0,4,8,3,37,51,26,23,34,15,42,34,26,12,19,11,0
2022-01-26,0,0,0,9,10,3,60,48,17,17,23,10,34,47,31,12,24,16,3
2022-01-27,0,0,0,16,7,2,43,58,29,25,31,15,41,37,25,16,31,12,2
2022-01-28,0,0,0,8,12,6,41,51,24,22,26,23,49,51,43,14,26,5,5
2022-01-29,0,0,0,7,8,3,43,48,25,22,23,14,67,61,38,14,22,16,2
2022-01-30,0,0,0,9,10,3,48,44,20,36,34,18,33,43,33,20,28,7,4
2022-01-31,0,0,0,7,5,3,35,31,12,15,20,15,34,27,26,5,7,8,3
2022-02-01,0,0,0,12,9,1,40,65,23,35,24,19,54,35,31,6,17,11,1
2022-02-02,0,0,0,6,9,3,51,58,24,24,27,19,50,55,46,6,25,11,1
2022-02-03,0,0,0,7,5,3,47,69,31,28,40,30,51,55,35,13,29,14,2
2022-02-04,0,0,0,6,11,4,43,51,21,24,33,22,42,49,31,15,26,27,2
2022-02-05,0,0,0,5,7,3,53,64,22,23,30,14,46,60,29,28,24,10,0
2022-02-06,0,0,0,10,15,4,37,66,27,27,51,26,49,59,35,67,36,22,1
2022-02-07,0,0,0,15,13,1,41,40,33,27,34,22,42,55,29,25,24,11,1
2022-02-08,0,0,0,8,7,1,48,53,28,20,31,24,33,43,32,14,10,15,2
2022-02-09,0,0,0,7,10,5,48,38,28,27,28,20,35,49,42,12,20,13,3
2022-02-10,0,0,0,9,8,3,30,58,34,22,27,20,44,56,37,17,30,4,3
2022-02-11,0,0,0,9,10,6,46,84,23,24,36,21,47,45,39,13,18,9,1
2022-02-12,0,0,0,4,11,1,35,44,29,39,49,28,32,58,38,14,26,12,1
2022-02-13,0,0,0,13,20,3,44,64,39,37,43,19,54,55,29,12,37,11,1
2022-02-14,0,0,0,8,11,6,35,50,19,25,45,20,43,39,28,13,27,5,2
2022-02-15,0,0,0,9,14,3,31,42,21,27,21,19,48,44,37,13,27,9,1
2022-02-16,0,0,0,5,12,4,32,43,24,24,21,15,35,35,27,15,26,13,2
2022-02-17,0,0,0,9,8,2,39,96,36,20,33,12,71,38,29,12,19,10,2
2022-02-18,0,0,0,11,11,5,36,0,47,18,21,21,49,48,33,16,27,12,2
2022-02-19,0,0,0,10,12,2,33,0,0,24,33,11,54,56,35,18,24,9,0
2022-02-20,0,0,0,10,8,1,32,0,91,26,44,17,67,41,28,11,39,13,6
2022-02-21,0,0,0,4,5,4,35,97,57,21,25,16,75,36,29,6,32,16,1
2022-02-22,0,0,0,14,15,2,23,91,44,23,25,10,51,40,37,13,29,18,5
2022-02-23,0,0,0,14,11,1,29,76,40,24,29,16,49,49,27,6,23,12,1
2022-02-24,0,0,0,6,9,2,21,68,33,15,26,15,54,39,24,12,20,33,3
2022-02-25,0,0,0,10,8,3,34,59,29,19,18,14,0,38,39,12,16,23,0
2022-02-26,0,0,0,5,6,3,35,61,40,30,29,14,0,53,28,9,21,12,1
2022-02-27,0,0,0,7,12,5,39,58,40,28,30,15,0,41,30,10,22,12,1
2022-02-28,0,0,0,7,3,1,37,51,33,19,29,18,0,40,29,17,18,9,2
2022-03-01,0,0,0,11,10,4,25,37,27,24,35,17,0,36,24,7,29,19,0
2022-03-02,0,0,0,6,7,3,23,39,40,20,29,12,0,30,36,10,15,6,3
2022-03-03,0,0,0,11,7,5,25,38,31,17,25,17,0,36,32,10,21,38,3
2022-03-04,0,0,0,15,5,4,28,39,26,18,28,20,0,32,25,11,13,8,2
2022-03-05,0,0,0,27,12,5,35,27,31,25,34,11,0,47,34,13,16,11,1
2022-03-06,0,0,0,18,11,4,46,42,35,16,29,13,0,56,26,15,24,13,1
2022-03-07,0,0,0,11,18,6,24,41,31,24,32,16,84,24,16,23,27,7,0
2022-03-08,0,0,0,11,6,3,35,28,24,22,36,9,72,38,28,18,27,12,1
2022-03-09,0,0,0,8,12,2,27,33,23,20,26,16,83,28,25,11,22,4,1
2022-03-10,0,0,0,8,8,2,22,34,25,18,37,8,68,38,34,12,25,5,4
2022-03-11,0,0,0,6,7,2,32,23,23,23,24,17,62,39,32,8,20,9,4
2022-03-12,0,0,0,15,9,6,37,47,44,28,30,9,79,49,31,14,21,14,2
2022-03-13,0,0,0,7,14,3,40,63,32,31,33,14,86,50,27,16,34,9,3
2022-03-14,0,0,0,9,12,5,28,32,14,21,32,15,66,32,29,10,16,6,1
2022-03-15,0,0,0,10,7,5,30,23,25,21,35,14,53,52,28,10,26,7,0
2022-03-16,0,0,0,10,14,8,33,32,22,18,28,9,64,33,36,10,24,12,2
2022-03-17,0,0,0,7,19,7,41,38,25,24,34,13,56,45,37,8,28,7,2
2022-03-18,0,0,0,7,12,7,48,53,28,33,32,11,57,55,29,23,28,8,1
2022-03-19,0,0,0,6,19,7,53,43,27,37,48,16,63,52,37,16,24,11,2
2022-03-20,0,0,0,11,15,4,43,45,27,31,55,16,86,55,37,17,24,7,3
2022-03-21,0,0,0,8,16,2,36,39,13,30,38,19,46,60,25,19,24,10,0
2022-03-22,0,0,0,9,19,6,35,50,24,32,40,12,55,44,20,13,34,11,2
2022-03-23,0,0,0,11,14,4,40,35,18,29,33,19,48,32,38,16,28,14,2
2022-03-24,0,0,0,14,13,1,44,44,20,32,28,18,43,43,27,16,27,13,4
2022-03-25,0,0,0,10,15,7,51,45,22,32,29,25,56,37,49,10,15,9,2
2022-03-26,0,0,0,15,5,9,48,40,32,28,38,28,63,51,30,14,28,15,1
2022-03-27,0,0,0,11,12,1,51,51,25,44,37,72,60,58,30,14,23,7,6
2022-03-28,0,0,0,13,7,4,28,35,19,26,22,18,27,43,38,10,15,8,1
2022-03-29,0,0,0,13,9,11,42,30,20,19,28,19,36,40,29,16,24,9,5
2022-03-30,0,0,0,8,10,3,33,39,21,29,35,12,39,41,34,12,19,19,0
2022-03-31,0,0,0,4,9,5,31,27,18,32,25,22,53,36,39,10,24,14,2
2022-04-01,0,0,0,1,10,8,64,28,25,43,37,19,39,36,40,13,20,7,0
2022-04-02,0,0,0,14,10,4,41,41,27,29,36,14,41,48,23,13,25,11,1
2022-04-03,0,0,0,11,13,5,46,46,31,37,40,24,47,57,43,12,30,12,3
2022-04-04,0,0,0,14,12,3,56,34,28,33,42,14,52,58,41,11,18,23,3
2022-04-05,0,0,0,13,11,6,40,34,16,39,42,19,41,73,31,15,23,13,0
2022-04-06,0,0,0,18,10,5,38,17,25,20,28,16,29,50,27,15,23,11,1
2022-04-07,0,0,0,13,13,4,39,26,22,28,39,12,34,56,33,14,16,10,4
2022-04-08,0,0,0,9,8,3,39,89,22,39,33,13,35,49,27,16,23,10,0
2022-04-09,0,0,0,12,14,4,41,90,29,33,23,24,36,57,41,20,23,11,1
2022-04-10,0,0,0,13,11,4,49,52,22,48,32,26,38,71,30,12,25,22,0
2022-04-11,0,0,0,9,16,4,45,28,15,31,30,12,37,44,44,14,23,21,2
2022-04-12,0,0,0,9,7,6,38,38,15,28,27,8,36,42,21,19,16,8,6
2022-04-13,0,0,0,5,11,11,25,35,23,23,28,16,35,45,30,13,17,5,4
2022-04-14,0,0,0,7,8,5,32,52,29,23,20,12,41,42,23,13,18,13,10
2022-04-15,0,0,0,8,14,7,38,48,15,37,24,11,42,65,35,13,20,15,22
2022-04-16,0,0,0,9,7,4,55,55,24,42,36,16,51,64,44,15,26,10,14
2022-04-17,0,0,0,8,12,5,43,45,21,31,39,22,42,47,22,17,33,11,10
2022-04-18,0,0,0,8,14,6,40,45,24,35,11,12,34,40,19,16,30,8,11
2022-04-19,0,0,0,14,10,10,40,35,23,25,33,15,38,42,32,7,25,3,9
2022-04-20,0,0,0,9,14,5,47,36,28,38,17,18,41,52,26,9,24,5,9
2022-04-21,0,0,0,8,17,6,38,39,26,31,32,20,37,47,25,8,16,8,7
2022-04-22,0,0,0,13,10,4,32,45,30,28,28,16,37,45,28,12,18,6,10
2022-04-23,0,0,0,3,22,4,38,39,25,42,30,15,34,49,35,11,22,9,8
2022-04-24,0,0,0,9,14,2,41,40,21,40,31,16,37,36,30,23,42,8,6
2022-04-25,0,0,0,12,13,6,34,37,14,22,23,18,23,39,33,8,28,11,5
2022-04-26,0,0,0,10,12,9,33,34,26,24,34,20,23,35,35,14,34,7,3
2022-04-27,0,0,0,9,16,5,34,35,14,27,34,10,32,34,35,7,28,2,4
2022-04-28,0,0,0,9,9,2,29,32,19,24,35,22,35,34,35,14,22,9,6
2022-04-29,0,0,0,6,11,5,35,35,25,32,32,11,35,35,35,13,26,11,0
2022-04-30,0,0,0,13,13,5,35,35,28,35,35,13,35,35,35,15,16,7,14
2022-05-01,0,0,0,9,7,3,35,35,25,25,35,23,35,35,35,11,25,10,0
2022-05-02,0,0,0,7,12,3,35,35,26,26,28,23,35,35,34,25,17,8,15
2022-05-03,0,0,0,12,8,2,35,35,23,32,31,15,70,34,33,16,25,15,5
2022-05-04,0,0,0,11,8,4,35,35,23,13,30,25,55,35,35,20,25,7,4
2022-05-05,0,0,0,13,9,3,35,35,27,35,35,15,35,35,23,18,20,10,0
2022-05-06,0,0,0,14,9,6,34,35,15,31,24,13,58,63,33,11,19,9,15
2022-05-07,0,0,0,10,10,4,34,0,14,29,32,21,70,35,35,11,27,6,35
2022-05-08,0,0,0,7,11,3,34,35,16,35,35,17,35,48,35,13,21,6,69
2022-05-09,0,0,0,6,3,7,35,54,17,24,28,22,50,43,28,10,29,3,35
2022-05-10,0,0,0,17,14,5,35,35,21,20,16,13,55,58,32,10,29,7,24
2022-05-11,0,0,0,16,14,1,35,57,17,26,34,13,51,35,48,10,25,9,16
2022-05-12,0,0,0,3,7,3,34,43,15,34,28,15,35,41,34,7,21,11,18
2022-05-13,0,0,0,10,20,7,35,45,21,27,35,14,48,40,35,18,28,12,35
2022-05-14,0,0,0,6,14,1,35,43,26,35,35,16,58,70,48,10,23,8,51
2022-05-15,0,0,0,7,12,3,35,56,28,27,35,17,54,65,45,20,30,8,39
2022-05-16,0,0,0,5,9,5,35,35,16,25,35,16,33,47,32,21,15,11,23
2022-05-17,0,0,0,5,11,3,34,34,16,35,34,16,33,34,34,20,19,8,18
2022-05-18,0,0,0,7,10,3,34,26,14,30,34,8,41,33,35,13,25,3,24
2022-05-19,0,0,0,7,9,3,33,28,17,30,23,16,28,52,35,7,14,9,21
2022-05-20,0,0,0,4,6,1,41,22,10,34,29,17,35,41,35,11,20,5,15
2022-05-21,0,0,0,5,12,3,41,43,15,28,35,13,51,46,39,20,26,16,23
2022-05-22,0,0,0,6,10,4,35,44,15,30,28,12,45,42,35,12,10,8,14
2022-05-23,0,0,0,5,7,2,34,59,9,24,28,13,33,31,42,13,15,6,17
2022-05-24,0,0,0,7,10,5,39,34,15,29,25,13,35,0,31,8,15,6,12
2022-05-25,0,0,0,6,12,4,33,33,18,28,35,13,32,82,39,15,14,9,13
2022-05-26,0,0,0,6,5,2,34,34,19,32,30,8,34,45,53,12,23,5,16
2022-05-27,0,0,0,11,11,6,35,35,15,32,33,19,35,35,24,17,27,6,8
2022-05-28,0,0,0,5,11,4,43,35,15,33,35,19,35,53,34,16,21,28,22
2022-05-29,0,0,0,8,11,4,57,38,18,29,34,31,30,35,52,9,27,35,15
2022-05-30,0,0,0,7,10,4,48,23,12,24,34,31,35,34,38,8,19,2,7
2022-05-31,0,0,0,6,9,2,47,28,16,22,21,16,29,40,26,15,25,6,11
2022-06-01,0,0,0,8,11,2,30,18,16,22,32,10,29,35,32,11,18,5,12
2022-06-02,0,0,0,2,4,6,35,28,13,26,18,10,24,34,31,8,13,0,9
2022-06-03,0,0,0,6,11,4,34,22,14,12,34,13,35,44,38,16,24,16,13
2022-06-04,0,0,0,4,15,5,54,23,16,31,33,17,41,56,27,13,15,7,11
2022-06-05,0,0,0,11,12,4,47,24,14,34,34,16,35,45,35,17,20,0,14
2022-06-06,0,0,0,4,10,10,42,29,16,34,30,13,45,27,19,12,25,11,12
2022-06-07,0,0,0,5,12,4,42,0,13,35,35,18,24,34,22,9,17,6,8
2022-06-08,0,0,0,3,7,5,35,32,15,34,30,9,34,31,34,10,19,7,11
2022-06-09,0,0,0,6,11,1,45,23,15,35,24,20,33,19,35,10,19,7,5
2022-06-10,0,0,0,8,3,0,18,22,17,31,21,20,21,28,34,3,9,6,8
2022-06-11,0,0,0,6,8,6,35,29,15,34,19,18,35,33,25,12,15,22,8
2022-06-12,0,0,0,11,13,4,46,24,16,35,26,11,31,35,35,9,11,14,4
2022-06-13,0,0,0,18,5,2,31,19,10,35,30,12,27,29,25,7,18,7,8
2022-06-14,0,0,0,8,9,3,31,0,25,35,29,20,20,33,28,13,20,2,9
2022-06-15,0,0,0,8,7,4,21,35,22,29,18,13,24,23,25,10,17,5,3
2022-06-16,0,0,0,4,9,2,31,22,16,29,18,15,26,0,22,10,9,5,4
2022-06-17,0,0,0,5,7,2,24,15,13,21,18,14,26,35,14,10,16,3,6
2022-06-18,0,0,0,7,9,2,35,24,4,30,31,15,27,35,20,16,10,7,9
2022-06-19,0,0,0,4,8,2,34,33,13,35,34,5,34,34,34,8,13,6,18
2022-06-20,0,0,0,5,6,2,35,31,16,31,22,13,30,33,22,12,15,6,7
2022-06-21,0,0,0,4,9,5,31,35,16,33,16,10,20,33,25,11,14,6,5
2022-06-22,0,0,0,2,8,2,43,19,13,35,23,16,25,35,22,7,8,6,6
2022-06-23,0,0,0,5,5,5,27,17,11,29,16,9,24,35,22,5,8,7,0
2022-06-24,0,0,0,5,5,0,35,18,13,24,20,9,21,24,29,10,14,7,6
2022-06-25,0,0,0,3,5,0,35,31,7,34,23,13,19,35,35,9,17,6,6
2022-06-26,0,0,0,6,8,2,32,24,18,35,33,10,28,34,48,11,21,3,3
2022-06-27,0,0,0,5,11,4,35,10,14,32,22,13,25,31,34,10,15,9,0
2022-06-28,0,0,0,4,7,5,32,22,8,35,35,10,18,32,24,2,18,5,8
2022-06-29,0,0,0,3,3,3,32,31,12,28,0,8,35,24,18,9,11,10,4
2022-06-30,0,0,0,3,6,5,35,11,11,23,0,8,27,27,25,8,15,2,4
2022-07-01,0,0,0,5,13,1,32,21,5,31,0,15,23,35,25,10,10,3,1
2022-07-02,0,0,0,8,13,3,35,28,20,29,0,12,35,35,31,7,16,7,7
2022-07-03,0,0,0,7,7,1,34,22,14,35,0,12,25,33,29,8,21,5,1
2022-07-04,0,0,0,2,11,0,32,20,10,28,62,9,17,28,22,14,9,5,5
2022-07-05,0,0,0,12,5,4,33,0,15,19,50,11,26,35,21,6,16,8,3
2022-07-06,0,0,0,8,3,2,27,35,5,30,47,12,35,28,28,18,21,2,3
2022-07-07,0,0,0,8,8,2,22,24,20,18,35,13,34,35,20,12,14,10,3
2022-07-08,0,0,0,6,11,1,34,25,9,17,26,9,33,32,21,8,14,6,3
2022-07-09,0,0,0,9,11,2,30,31,13,35,33,16,35,46,33,6,12,5,7
2022-07-10,0,0,0,7,6,5,35,30,20,53,43,15,30,43,24,6,18,2,1
2022-07-11,0,0,0,0,10,0,27,30,13,22,27,22,18,30,25,9,12,5,7
2022-07-12,0,0,0,6,11,3,29,20,8,30,34,11,30,33,29,4,21,9,3
2022-07-13,0,0,0,9,7,2,32,17,12,35,24,11,20,32,18,9,15,6,1
2022-07-14,0,0,0,9,12,3,35,26,10,26,22,10,30,35,21,18,21,7,1
2022-07-15,0,0,0,5,5,3,31,21,11,32,22,15,21,31,21,10,14,12,2
2022-07-16,0,0,0,5,10,3,59,30,24,33,22,13,28,35,28,16,24,7,2
2022-07-17,0,0,0,4,6,5,0,26,20,30,27,14,32,58,32,9,16,10,2
2022-07-18,0,0,0,10,4,4,51,26,22,21,20,23,25,35,22,11,11,12,0
2022-07-19,0,0,0,8,8,2,33,35,19,22,29,18,24,35,24,16,18,6,9
2022-07-20,0,0,0,6,8,1,26,19,20,22,33,16,23,30,20,10,21,4,0
2022-07-21,0,0,0,9,17,2,31,22,18,27,26,16,28,35,17,18,10,9,2
2022-07-22,0,0,0,6,10,0,35,31,22,17,32,19,30,49,18,9,16,2,3
2022-07-23,0,0,0,10,4,2,32,22,13,35,30,20,34,46,31,12,33,12,7
2022-07-24,0,0,0,14,13,4,35,0,17,31,35,14,28,54,25,10,13,6,2
2022-07-25,0,0,0,7,7,6,29,35,17,0,27,14,23,31,17,11,23,5,5
2022-07-26,0,0,0,4,2,5,34,24,24,35,33,9,23,60,31,10,18,6,1
2022-07-27,0,0,0,6,3,4,24,20,8,26,31,17,28,35,23,12,15,5,3
2022-07-28,0,0,0,6,7,3,26,24,16,30,35,18,26,35,20,13,14,7,3
2022-07-29,0,0,0,6,8,6,20,14,16,24,22,12,25,30,16,10,16,9,3
2022-07-30,0,0,0,6,10,5,35,32,13,34,35,16,25,63,31,15,22,8,4
2022-07-31,0,0,0,7,9,5,35,35,19,21,34,11,34,35,25,13,11,6,2
2022-08-01,0,0,0,9,7,3,34,62,19,24,31,12,27,34,19,13,14,5,1
2022-08-02,0,0,0,9,5,2,23,21,15,25,24,11,14,30,16,2,15,6,0
2022-08-03,0,0,0,4,11,6,24,16,16,25,17,11,30,33,19,6,17,24,5
2022-08-04,0,0,0,0,0,0,0,0,0,0,0,0,0,0,0,0,0,0,0
2022-08-05,0,0,0,19,19,6,42,35,35,40,35,31,0,0,35,22,34,33,9
2022-08-06,0,0,0,5,8,4,22,27,13,55,29,22,35,0,33,17,18,13,5
2022-08-07,0,0,0,10,5,3,21,26,24,35,26,21,33,47,26,16,21,10,0
2022-08-08,0,0,0,6,17,2,34,24,11,28,19,15,23,54,22,19,17,6,9
2022-08-09,0,0,0,9,11,0,28,24,17,20,29,22,19,35,21,25,14,5,4
2022-08-10,0,0,0,7,12,1,28,26,26,28,31,10,21,27,19,16,17,5,6
2022-08-11,0,0,0,12,15,5,51,23,30,31,31,10,23,35,17,15,17,4,3
2022-08-12,0,0,0,8,10,2,28,32,21,30,19,17,31,34,22,14,19,13,1
2022-08-13,0,0,0,5,13,3,31,24,22,31,23,14,35,48,27,19,16,8,9
2022-08-14,0,0,0,11,17,4,51,22,22,35,25,10,25,49,35,16,12,8,1
2022-08-15,0,0,0,9,9,4,35,27,16,30,22,8,26,35,30,14,14,14,0
2022-08-16,0,0,0,15,12,3,0,24,15,34,29,19,0,0,21,9,15,4,3
2022-08-17,0,0,0,6,12,8,84,0,21,12,21,16,62,70,21,25,14,6,1
2022-08-18,0,0,0,13,13,8,0,55,11,0,21,16,0,0,29,26,18,10,1
2022-08-19,0,0,0,8,12,2,58,0,19,50,21,12,35,67,0,27,14,5,4
2022-08-20,0,0,0,11,21,2,32,35,18,53,23,12,26,0,35,26,15,8,1
2022-08-21,0,0,0,11,11,5,0,24,22,42,23,11,0,82,32,35,25,6,4
2022-08-22,0,0,0,11,4,2,60,0,19,28,18,12,64,0,25,32,17,12,1
2022-08-23,0,0,0,4,6,5,34,35,21,55,32,10,0,70,27,17,20,12,3
2022-08-24,0,0,0,8,8,2,30,17,18,35,28,13,50,42,15,13,20,35,0
2022-08-25,0,0,0,7,11,8,44,17,14,26,33,12,24,28,26,16,14,0,5
2022-08-26,0,0,0,7,5,1,25,24,24,26,27,13,24,29,21,21,16,34,1
2022-08-27,0,0,0,11,7,4,34,23,21,34,22,22,27,33,25,15,15,9,4
2022-08-28,0,0,0,4,8,3,35,29,19,33,23,17,34,0,24,12,17,16,3
2022-08-29,0,0,0,5,12,1,33,17,18,22,22,16,15,79,16,24,22,10,3
2022-08-30,0,0,0,6,19,5,29,17,17,32,24,11,0,0,22,12,19,6,6
2022-08-31,0,0,0,12,7,4,34,15,25,27,25,9,35,63,18,14,20,11,1
2022-09-01,0,0,0,7,5,1,20,17,17,26,23,18,19,21,22,12,23,8,0
2022-09-02,0,0,0,8,8,2,29,17,25,26,22,16,30,34,18,11,14,6,5
2022-09-03,0,0,0,6,12,3,0,0,19,34,28,27,0,0,23,20,20,7,2
2022-09-04,0,0,0,4,7,1,58,35,19,0,35,22,80,87,23,12,13,11,4
2022-09-05,0,0,0,6,4,2,35,26,14,59,28,16,24,35,20,7,14,20,3
2022-09-06,0,0,0,4,6,1,22,18,12,21,18,13,10,24,22,9,15,17,3
2022-09-07,0,0,0,10,7,4,0,0,23,0,23,13,0,0,35,14,13,11,5
2022-09-08,0,0,0,7,5,2,48,32,20,35,19,9,35,35,0,14,18,9,0
2022-09-09,0,0,0,5,8,1,29,16,18,18,25,14,19,0,35,13,28,6,4
2022-09-10,0,0,0,4,10,3,29,24,22,34,24,11,26,64,24,13,21,10,1
2022-09-11,0,0,0,3,3,3,19,19,18,29,24,16,21,34,12,8,15,5,4
2022-09-12,0,0,0,5,7,1,35,19,22,30,15,15,27,53,17,17,12,11,4
2022-09-13,0,0,0,9,14,3,33,21,13,30,17,13,32,0,26,0,0,10,1
2022-09-14,0,0,0,7,17,4,35,13,11,18,35,11,0,62,31,62,0,5,2
2022-09-15,0,0,0,8,70,4,0,0,23,28,18,7,49,0,20,31,0,7,1
2022-09-16,0,0,0,11,17,4,63,34,33,22,22,11,25,63,16,30,0,9,0
2022-09-17,0,0,0,5,20,6,35,21,18,28,32,15,21,0,27,35,0,8,3
2022-09-18,0,0,0,5,11,3,27,24,15,29,31,14,0,85,28,35,0,6,1
2022-09-19,0,0,0,11,10,2,28,19,12,14,14,10,0,0,22,21,100,4,5
2022-09-20,0,0,0,8,10,4,18,20,15,12,21,7,33,59,26,31,0,9,0
2022-09-21,0,0,0,7,6,5,26,15,16,19,21,10,30,26,26,14,0,4,2
2022-09-22,0,0,0,8,10,6,35,16,12,21,18,9,0,0,17,18,0,7,2
2022-09-23,0,0,0,6,9,4,0,15,24,16,16,15,64,60,14,18,62,9,1
2022-09-24,0,0,0,4,9,4,65,25,21,20,17,20,33,35,24,26,69,9,2
2022-09-25,0,0,0,7,15,3,35,15,15,31,27,15,35,0,32,24,0,7,3
2022-09-26,0,0,0,12,9,2,26,18,15,25,25,9,28,68,16,18,0,8,4
2022-09-27,0,0,0,6,7,4,35,13,17,31,33,13,25,46,22,16,0,9,2
2022-09-28,0,0,0,6,9,3,24,19,10,25,32,12,18,30,17,13,85,12,0
2022-09-29,0,0,0,2,7,6,21,26,9,25,35,8,32,35,18,15,68,3,0
2022-09-30,0,0,0,8,7,1,25,20,13,31,35,14,25,0,19,15,80,7,3
2022-10-01,0,0,0,12,10,3,31,14,14,20,35,11,0,82,26,15,92,7,4
2022-10-02,0,0,0,8,12,3,0,29,21,29,34,12,62,0,23,15,91,3,4
2022-10-03,0,0,0,11,12,2,70,35,25,29,58,15,35,100,20,20,35,7,5
2022-10-04,0,0,0,0,0,0,0,0,0,0,0,0,0,0,0,0,0,0,0
2022-10-05,0,0,0,24,15,6,0,0,35,35,0,33,0,0,35,35,0,7,7
2022-10-06,0,0,0,8,16,6,0,70,18,34,56,14,70,0,26,24,57,5,4
2022-10-07,0,0,0,8,9,5,35,24,14,32,35,18,33,35,22,20,46,4,2
2022-10-08,0,0,0,2,14,3,35,15,21,29,35,17,54,35,16,23,35,8,5
2022-10-09,0,0,0,9,11,2,31,24,10,28,33,20,34,41,21,13,44,12,0
2022-10-10,0,0,0,5,22,6,34,0,13,25,35,16,35,35,20,24,40,8,1
2022-10-11,0,0,0,7,9,3,29,34,15,19,29,12,31,0,26,24,35,7,2
2022-10-12,0,0,0,2,9,7,40,22,13,20,35,12,25,81,34,14,42,8,3
2022-10-13,0,0,0,7,10,6,32,24,13,25,26,12,0,0,33,21,50,9,3
2022-10-14,0,0,0,9,8,2,42,16,9,25,34,9,56,88,28,21,35,5,2
2022-10-15,0,0,0,0,0,4,0,0,0,21,32,17,35,53,0,0,43,8,2
2022-10-16,0,0,0,11,19,3,77,56,29,32,31,16,0,0,35,34,30,7,1
2022-10-17,0,0,0,6,13,4,35,35,13,0,27,0,69,0,23,7,7,10,1
2022-10-18,0,0,0,16,15,6,52,26,19,35,32,27,22,0,35,18,70,6,2
2022-10-19,0,0,0,4,9,2,39,35,13,22,24,13,29,82,23,14,32,7,2
2022-10-20,0,0,0,9,3,2,35,35,16,31,27,14,26,0,28,13,35,7,6
2022-10-21,0,0,0,3,4,3,46,33,16,24,27,14,34,66,27,18,34,14,1
2022-10-22,0,0,0,7,13,10,41,33,21,35,41,14,34,49,25,16,32,7,3
2022-10-23,0,0,0,8,12,5,43,25,10,20,26,16,0,0,26,11,29,5,2
2022-10-24,0,0,0,5,10,8,46,26,8,19,33,15,56,94,26,9,38,5,6
2022-10-25,0,0,0,6,4,3,0,26,17,24,28,13,0,0,12,16,43,5,1
2022-10-26,0,0,0,5,8,1,70,0,19,0,28,11,35,70,0,14,53,9,1
2022-10-27,0,0,0,4,13,3,34,35,15,35,29,12,0,0,54,17,51,12,3
2022-10-28,0,0,0,11,7,4,35,17,13,21,28,10,67,87,22,17,85,12,4
2022-10-29,0,0,0,8,17,4,34,27,13,23,34,14,31,50,24,10,33,6,5
2022-10-30,0,0,0,7,10,4,48,28,19,26,20,18,21,35,16,30,34,13,0
2022-10-31,0,0,0,7,11,4,28,32,12,18,15,15,17,27,17,13,30,6,1
2022-11-01,0,0,0,5,10,1,29,28,14,23,26,11,0,0,19,16,41,7,3
2022-11-02,0,0,0,6,10,5,20,19,15,19,22,10,35,70,12,11,23,4,1
2022-11-03,0,0,0,7,8,4,70,35,19,20,24,7,24,34,21,10,61,11,0
2022-11-04,0,0,0,6,13,3,68,25,12,21,27,9,35,0,20,15,51,7,3
2022-11-05,0,0,0,8,10,6,54,35,14,22,32,16,0,95,21,12,34,5,3
2022-11-06,0,0,0,7,9,2,51,20,18,18,35,27,55,35,0,19,35,6,0
2022-11-07,0,0,0,7,12,1,35,26,16,19,39,11,28,32,35,15,29,5,0
2022-11-08,0,0,0,6,12,3,35,18,19,9,32,8,0,0,25,12,17,5,3
2022-11-09,0,0,0,9,5,2,0,0,11,0,0,10,51,68,0,21,27,11,2
2022-11-10,0,0,0,4,9,2,67,35,19,35,68,15,23,28,34,13,19,9,2
2022-11-11,0,0,0,5,5,2,35,24,13,29,26,12,0,0,24,16,23,6,2
2022-11-12,0,0,0,7,6,1,0,0,17,26,30,23,68,70,28,20,23,10,4
2022-11-13,0,0,0,5,13,4,0,54,22,27,30,19,23,52,25,16,31,5,3
2022-11-14,0,0,0,5,10,0,34,30,9,25,32,13,32,45,16,18,24,7,3
2022-11-15,0,0,0,3,12,4,35,18,35,29,29,12,21,31,19,15,30,5,2
2022-11-16,0,0,0,7,14,2,39,18,15,23,33,21,31,35,31,14,22,10,5
2022-11-17,0,0,0,4,11,2,29,23,16,26,33,15,30,48,0,9,28,10,3
2022-11-18,0,0,0,3,14,3,37,20,21,17,35,11,35,35,35,13,26,7,3
2022-11-19,0,0,0,10,11,3,44,33,22,34,31,15,0,0,32,7,35,8,2
2022-11-20,0,0,0,10,9,3,0,15,18,25,28,13,0,0,31,9,20,7,4
2022-11-21,0,0,0,8,6,1,69,17,16,20,24,12,0,0,17,8,20,14,1
2022-11-22,0,0,0,5,9,4,23,19,18,33,26,18,35,67,17,9,26,7,2
2022-11-23,0,0,0,8,10,4,35,10,14,19,21,13,28,43,17,11,25,6,2
2022-11-24,0,0,0,5,12,5,35,26,14,21,15,13,28,29,19,11,24,7,0
2022-11-25,0,0,0,3,7,3,23,21,18,29,19,3,21,0,20,9,12,8,1
2022-11-26,0,0,0,2,7,5,35,20,14,0,23,9,0,70,20,15,25,8,2
2022-11-27,0,0,0,5,8,0,34,16,14,34,24,10,35,41,17,14,23,9,3
2022-11-28,0,0,0,2,7,3,23,24,12,19,27,14,26,0,28,20,14,10,5
2022-11-29,0,0,0,5,6,2,0,28,18,21,25,11,0,85,21,12,24,7,3
2022-11-30,0,0,0,7,5,2,59,32,16,20,20,12,0,45,18,14,17,11,5
2022-12-01,0,0,0,4,10,4,31,24,17,17,21,10,0,34,18,8,17,9,4
2022-12-02,0,0,0,6,14,7,35,21,17,27,28,8,0,47,19,13,35,7,2
2022-12-03,0,0,0,11,14,1,0,27,19,30,34,20,0,0,22,16,0,14,5
2022-12-04,0,0,0,5,12,5,0,0,17,31,26,23,0,86,23,10,35,6,2
2022-12-05,0,0,0,9,16,8,0,70,17,0,23,16,0,0,35,9,35,6,1
2022-12-06,0,0,0,10,8,7,70,0,12,52,30,15,0,89,26,16,27,11,0
2022-12-07,0,0,0,9,5,5,34,64,10,19,32,9,45,0,24,35,25,6,2
2022-12-08,0,0,0,13,12,2,28,33,16,19,0,10,46,69,26,20,28,9,3
2022-12-09,0,0,0,3,15,1,29,23,13,19,35,7,35,35,20,28,21,9,2
2022-12-10,0,0,0,7,14,1,34,35,17,27,27,7,31,0,27,18,22,5,5
2022-12-11,0,0,0,8,5,2,0,16,21,24,27,15,0,70,18,6,24,7,2
2022-12-12,0,0,0,5,10,1,54,0,13,17,30,11,70,0,27,10,12,3,3
2022-12-13,0,0,0,5,8,6,22,35,8,16,10,14,31,57,27,17,25,6,4
2022-12-14,0,0,0,4,5,2,23,16,15,20,23,12,28,32,23,14,24,4,0
2022-12-15,0,0,0,3,4,3,14,10,11,24,17,6,0,0,26,8,16,8,2
2022-12-16,0,0,0,8,8,2,0,13,17,20,21,13,69,85,26,19,19,7,0
2022-12-17,0,0,0,10,3,3,55,0,16,0,26,14,0,0,35,35,22,14,2
2022-12-18,0,0,0,2,6,2,0,35,19,57,18,15,59,0,29,26,23,5,3
2022-12-19,0,0,0,6,10,5,50,19,10,23,12,16,25,27,16,14,13,6,1
2022-12-20,0,0,0,3,8,1,29,25,25,21,21,16,29,35,19,11,20,8,3
2022-12-21,0,0,0,6,12,1,35,17,12,21,26,14,0,0,26,13,20,5,3
2022-12-22,0,0,0,8,10,4,33,19,10,27,29,16,66,89,31,7,22,8,2
2022-12-23,0,0,0,10,7,3,33,20,13,20,21,15,35,35,21,10,17,4,5
2022-12-24,0,0,0,5,9,2,26,17,24,29,23,13,30,35,23,29,28,11,1
2022-12-25,0,0,0,11,14,6,35,19,23,33,23,14,35,67,0,18,20,5,1
2022-12-26,0,0,0,8,10,1,35,16,25,18,27,12,54,35,35,11,30,4,4
2022-12-27,0,0,0,9,7,5,31,26,11,32,23,17,35,46,18,13,63,6,3
2022-12-28,0,0,0,6,5,4,35,28,21,28,30,13,34,0,22,15,35,12,4
2022-12-29,0,0,0,0,0,3,35,32,0,25,34,0,0,0,0,16,34,10,0
2022-12-30,0,0,0,16,14,2,35,29,35,17,0,24,70,0,35,15,32,8,10
2022-12-31,0,0,0,7,4,2,28,24,23,24,35,15,32,35,16,14,22,9,3
2023-01-01,0,0,0,5,1,1,35,34,27,35,25,16,0,0,23,22,32,7,6
2023-01-02,0,0,0,9,12,5,35,22,29,35,35,9,88,97,23,0,32,8,6
2023-01-03,0,0,0,5,9,7,35,28,23,26,23,18,58,34,24,20,0,6,5
2023-01-04,0,0,0,4,10,3,35,20,28,33,27,15,33,28,29,13,35,10,7
2023-01-05,0,0,0,0,0,0,0,0,15,0,0,11,35,35,22,14,35,7,4
2023-01-06,0,0,0,12,17,11,70,34,27,64,35,9,35,0,22,11,21,13,4
2023-01-07,0,0,0,8,10,3,33,23,18,35,25,17,0,70,30,9,35,10,6
2023-01-08,0,0,0,10,12,2,60,24,24,30,40,12,70,39,23,0,35,15,8
2023-01-09,0,0,0,6,12,5,34,24,28,29,31,12,34,35,29,31,28,9,3
2023-01-10,0,0,0,8,20,5,34,28,25,25,24,13,34,34,31,13,24,12,3
2023-01-11,0,0,0,8,10,3,28,18,24,17,35,13,31,47,23,10,29,5,5
2023-01-12,0,0,0,5,9,3,0,0,22,22,33,7,0,0,23,18,21,8,4
2023-01-13,0,0,0,10,12,5,67,35,15,0,0,14,56,88,0,15,33,9,6
2023-01-14,0,0,0,9,10,5,35,17,25,0,57,16,35,35,35,35,29,7,4
2023-01-15,0,0,0,4,7,4,35,24,23,35,28,10,30,0,27,35,35,5,3
2023-01-16,0,0,0,8,13,3,31,25,30,25,31,16,0,70,16,20,26,6,0
2023-01-17,0,0,0,8,5,2,34,19,22,24,22,8,34,31,24,15,0,5,4
2023-01-18,0,0,0,6,4,5,21,16,14,17,15,18,25,23,23,12,34,5,1
2023-01-19,0,0,0,11,8,5,22,19,17,18,15,12,27,31,14,8,23,8,1
2023-01-20,0,0,0,8,8,2,0,18,17,27,18,9,0,0,16,16,15,5,1
2023-01-21,0,0,0,5,4,2,35,0,11,14,24,9,51,33,21,10,15,3,2
2023-01-22,0,0,0,5,5,6,48,0,16,29,35,10,0,0,27,11,23,8,4
2023-01-23,0,0,0,6,7,6,53,35,15,31,29,11,70,70,27,10,17,15,0
2023-01-24,0,0,0,6,13,6,46,32,13,30,35,12,32,0,33,19,24,10,4
2023-01-25,0,0,0,7,16,2,0,28,22,27,35,18,0,0,35,8,26,7,3
2023-01-26,0,0,0,7,18,4,91,26,20,24,34,16,70,0,32,8,20,11,0
2023-01-27,0,0,0,11,10,2,35,27,22,29,23,9,32,95,26,19,29,8,0
2023-01-28,0,0,0,8,11,3,49,0,15,33,27,12,34,35,27,11,29,8,1
2023-01-29,0,0,0,12,8,2,35,34,13,24,23,15,30,35,25,16,17,5,0
2023-01-30,0,0,0,6,6,7,38,27,19,22,14,5,0,0,22,12,22,2,3
2023-01-31,0,0,0,2,7,1,29,28,18,27,20,10,51,85,23,13,18,4,3
2023-02-01,0,0,0,4,0,0,0,0,0,20,0,11,0,0,0,0,0,0,1
2023-02-02,0,0,0,0,16,2,61,35,33,0,54,0,58,76,35,20,35,11,0
2023-02-03,0,0,0,11,6,3,39,17,21,35,32,26,26,0,30,9,20,5,4
2023-02-04,0,0,0,4,3,3,35,32,15,20,26,6,29,80,23,11,15,5,1
2023-02-05,0,0,0,5,5,4,32,31,15,34,25,12,24,0,24,14,22,8,1
2023-02-06,0,0,0,6,5,2,35,21,13,13,22,6,31,70,23,7,20,9,2
2023-02-07,0,0,0,7,9,2,26,20,16,0,19,6,32,0,20,10,20,4,1
2023-02-08,0,0,0,8,14,2,23,17,9,35,27,13,35,70,22,12,30,9,5
2023-02-09,0,0,0,8,6,7,0,19,17,20,23,6,0,0,16,15,24,11,5
2023-02-10,0,0,0,6,7,1,54,0,20,0,17,14,35,70,24,13,25,12,2
2023-02-11,0,0,0,4,7,2,28,33,14,35,23,8,0,0,34,7,33,9,1
2023-02-12,0,0,0,3,4,2,0,0,18,22,32,14,61,70,29,13,22,11,2
2023-02-13,0,0,0,6,9,2,59,33,10,17,25,9,34,0,21,9,26,6,1
2023-02-14,0,0,0,4,1,0,0,19,17,0,18,11,29,55,22,5,18,10,3
2023-02-15,0,0,0,3,3,2,35,18,13,30,18,17,26,35,28,4,22,8,1
2023-02-16,0,0,0,6,12,3,19,24,12,19,18,8,21,0,26,8,18,7,5
2023-02-17,0,0,0,3,15,1,25,8,18,16,24,12,24,55,31,15,14,2,1
2023-02-18,0,0,0,9,8,1,24,18,12,0,35,13,35,0,29,21,9,6,1
2023-02-19,0,0,0,8,8,4,22,20,17,35,25,10,0,66,21,10,20,6,1
2023-02-20,0,0,0,5,9,3,24,20,8,27,22,13,59,26,22,7,22,4,0
2023-02-21,0,0,0,6,13,8,26,13,15,26,33,10,47,0,22,13,17,5,3
2023-02-22,0,0,0,6,15,5,0,12,10,18,17,8,0,64,25,9,19,8,2
2023-02-23,0,0,0,7,11,3,49,22,11,0,20,9,0,0,23,8,19,8,2
2023-02-24,0,0,0,4,12,4,0,13,14,29,18,5,0,54,23,10,17,9,0
2023-02-25,0,0,0,4,10,4,35,0,17,0,15,14,70,0,17,15,25,10,1
2023-02-26,0,0,0,10,6,5,0,31,13,35,16,10,0,66,0,8,27,2,3
2023-02-27,0,0,0,5,10,5,49,16,16,29,20,4,52,30,0,8,21,5,0
2023-02-28,0,0,0,8,4,3,19,16,9,19,35,5,34,27,63,6,15,9,3
2023-03-01,0,0,0,9,7,6,21,13,11,17,16,10,30,33,16,11,0,5,2
2023-03-02,0,0,0,0,0,0,0,0,0,0,0,0,0,0,0,0,0,0,0
2023-03-03,0,0,0,15,20,0,34,33,21,32,35,27,0,0,33,20,55,9,3
2023-03-04,0,0,0,6,10,3,22,14,18,19,33,15,65,0,28,2,22,8,0
2023-03-05,0,0,0,4,7,2,22,10,14,21,27,9,0,0,27,8,27,6,3
2023-03-06,0,0,0,5,5,3,30,10,14,20,21,6,66,35,32,12,28,7,0
2023-03-07,0,0,0,17,7,2,20,16,14,13,21,15,30,25,10,5,19,5,0
2023-03-08,0,0,0,12,10,1,21,13,15,17,12,3,27,25,0,3,27,6,1
2023-03-09,0,0,0,5,10,4,31,17,25,18,24,11,30,32,35,11,15,1,2
2023-03-10,0,0,0,6,5,2,24,11,12,14,16,8,22,27,28,6,21,4,3
2023-03-11,0,0,0,11,6,4,25,23,13,26,18,9,27,0,35,15,16,8,3
2023-03-12,0,0,0,5,10,4,0,18,21,28,24,12,0,66,21,14,25,6,1
2023-03-13,0,0,0,5,8,1,35,10,9,23,14,4,35,21,25,13,21,10,2
2023-03-14,0,0,0,6,6,2,26,19,8,21,32,5,17,22,22,9,14,4,4
2023-03-15,0,0,0,6,7,0,22,10,9,19,26,11,22,35,23,9,17,9,0
2023-03-16,0,0,0,9,7,3,33,11,13,10,0,13,25,25,21,13,23,7,2
2023-03-17,0,0,0,4,9,4,21,21,4,26,35,9,26,0,17,11,17,6,0
2023-03-18,0,0,0,10,8,3,34,13,18,0,29,9,26,69,23,9,0,12,2
2023-03-19,0,0,0,11,9,2,0,21,12,35,16,11,0,0,24,10,35,4,1
2023-03-20,0,0,0,4,10,5,60,14,9,24,28,11,62,70,21,10,20,10,1
2023-03-21,0,0,0,6,12,4,23,18,20,15,27,13,33,0,18,14,16,7,2
2023-03-22,0,0,0,8,10,3,28,13,17,14,0,6,27,70,18,11,29,8,1
2023-03-23,0,0,0,11,6,3,32,12,16,16,35,8,31,0,19,12,35,5,3
2023-03-24,0,0,0,7,3,3,22,19,10,29,21,8,0,45,0,17,24,13,1
2023-03-25,0,0,0,6,6,3,0,18,20,35,21,10,61,0,34,12,32,7,3
2023-03-26,0,0,0,5,5,6,60,0,12,0,19,12,0,0,20,5,22,13,2
2023-03-27,0,0,0,6,9,2,21,34,11,66,18,3,33,0,19,9,15,10,1
2023-03-28,0,0,0,3,5,2,22,27,18,26,29,13,0,0,14,9,30,9,2
2023-03-29,0,0,0,7,13,4,32,35,20,23,26,9,55,81,24,15,25,7,2
2023-03-30,0,0,0,5,5,4,24,35,12,17,24,11,18,57,21,10,19,15,3
2023-03-31,0,0,0,0,6,3,31,35,10,29,25,13,30,0,18,7,23,5,4
2023-04-01,0,0,0,8,7,6,0,34,14,35,31,9,0,0,13,13,22,9,2
2023-04-02,0,0,0,7,11,5,0,39,11,0,27,13,64,0,30,5,27,14,2
2023-04-03,0,0,0,7,14,2,27,20,15,49,0,5,18,93,28,14,30,12,0
2023-04-04,0,0,0,12,10,1,25,19,16,29,35,10,26,0,31,15,29,21,2
2023-04-05,0,0,0,3,3,3,0,35,21,17,22,11,0,69,32,5,34,12,3
2023-04-06,0,0,0,0,9,5,58,0,11,0,19,13,35,0,25,10,30,16,1
2023-04-07,0,0,0,7,10,1,27,45,18,52,24,7,22,84,20,13,28,4,3
2023-04-08,0,0,0,4,6,3,35,29,8,31,25,16,23,54,32,8,29,5,0
2023-04-09,0,0,0,4,5,2,32,34,19,32,23,6,28,34,30,14,27,4,3
2023-04-10,0,0,0,4,7,3,18,35,18,19,23,10,24,35,34,3,23,2,0
2023-04-11,0,0,0,8,11,4,24,69,9,0,29,8,28,33,25,17,26,18,2
2023-04-12,0,0,0,9,11,2,25,31,9,34,0,11,28,35,21,9,16,12,1
2023-04-13,0,0,0,4,13,4,35,59,9,27,59,13,25,35,32,18,25,35,4
2023-04-14,0,0,0,4,6,5,31,28,6,13,33,6,19,46,29,8,12,16,1
2023-04-15,0,0,0,8,4,3,30,35,9,20,35,9,0,0,22,15,19,10,2
2023-04-16,0,0,0,4,10,3,0,0,22,0,27,5,35,63,0,7,13,14,3
2023-04-17,0,0,0,5,5,0,34,58,13,35,24,6,20,27,35,4,16,11,0
2023-04-18,0,0,0,0,4,2,23,17,12,15,15,7,20,35,21,12,26,6,3
2023-04-19,0,0,0,6,4,3,22,35,16,18,35,11,16,0,21,13,18,10,0
2023-04-20,0,0,0,7,11,0,24,20,13,18,25,15,24,65,17,4,10,10,1
2023-04-21,0,0,0,7,15,5,31,26,13,24,26,8,17,35,23,11,16,15,0
2023-04-22,0,0,0,3,6,3,24,20,13,25,22,16,25,0,21,11,18,13,3
2023-04-23,0,0,0,4,6,7,23,32,17,11,0,16,23,69,16,11,11,12,1
2023-04-24,0,0,0,2,7,3,20,21,15,18,34,13,0,27,24,11,10,5,1
2023-04-25,0,0,0,10,4,1,28,29,14,0,26,11,35,26,16,7,13,6,2
2023-04-26,0,0,0,10,6,2,14,29,13,35,20,16,21,27,31,9,16,6,2
2023-04-27,0,0,0,10,4,4,26,35,19,19,33,12,21,18,25,6,14,5,1
2023-04-28,0,0,0,5,4,2,28,35,16,19,28,11,21,35,21,14,21,6,0
2023-04-29,0,0,0,0,0,0,0,0,0,0,0,0,0,0,0,0,0,0,0
2023-04-30,0,0,0,0,0,0,0,0,0,0,0,0,0,0,0,0,0,0,0
2023-05-01,0,0,0,22,74,6,87,0,40,53,70,27,99,0,89,33,55,11,8
2023-05-02,0,80,72,4,41,2,21,60,19,30,21,15,25,41,20,10,21,71,6
2023-05-03,0,0,0,73,39,0,35,0,16,41,26,39,32,46,38,12,14,74,6
2023-05-04,1,7,2,85,56,53,47,0,12,81,71,44,56,37,70,39,12,30,2
2023-05-05,0,1,1,1,2,1,1,9,1,3,2,1,55,4,1,1,1,23,1
2023-05-06,8,10,1,3,3,3,21,33,10,14,32,5,26,32,13,7,13,6,1
2023-05-07,34,8,1,7,7,3,57,66,17,24,41,9,35,34,15,41,32,35,4
2023-05-08,77,9,4,2,6,2,24,89,18,42,28,9,23,29,18,6,20,13,4
2023-05-09,1,3,2,49,4,9,29,0,6,17,28,9,23,39,21,23,21,7,1
2023-05-10,1,7,1,6,9,9,20,75,14,6,23,6,49,25,15,8,19,17,5
2023-05-11,1,6,3,6,3,2,27,99,12,17,28,7,73,27,12,10,16,49,1
2023-05-12,67,5,4,4,4,2,11,0,15,25,45,7,20,27,10,8,18,9,2
2023-05-13,1,2,20,9,5,3,37,58,16,67,21,12,66,58,25,6,29,35,3
2023-05-14,2,37,1,5,5,2,20,55,16,16,23,31,23,31,22,59,42,28,3
2023-05-15,9,2,3,3,9,18,22,69,10,53,30,17,19,42,22,14,12,92,2
2023-05-16,26,4,2,2,41,1,18,47,23,10,12,5,14,35,16,12,21,9,3
2023-05-17,1,6,6,6,3,3,19,33,14,30,36,28,20,27,18,13,15,10,1
2023-05-18,1,1,2,4,9,2,16,41,9,26,20,40,19,32,44,8,13,13,2
2023-05-19,37,6,2,4,4,3,19,47,15,18,16,9,28,33,13,7,7,14,5
2023-05-20,1,12,8,7,8,29,32,54,12,16,17,9,47,34,19,10,27,15,1
2023-05-21,1,9,2,10,2,3,15,48,50,46,29,10,26,23,22,10,14,9,35
2023-05-22,1,5,5,6,7,5,43,65,10,20,21,11,24,32,21,12,17,10,2
2023-05-23,33,9,4,14,5,3,36,37,13,14,14,8,12,34,17,38,50,27,1
2023-05-24,35,6,4,16,8,23,32,35,13,20,27,14,43,46,22,19,33,71,2
2023-05-25,1,6,1,28,13,5,56,84,8,9,25,10,16,31,16,6,27,31,5
2023-05-26,2,8,1,8,4,1,21,40,14,16,22,9,33,28,27,15,20,29,3
2023-05-27,1,4,4,27,49,1,22,33,10,21,17,7,21,30,22,26,29,55,36
2023-05-28,0,8,7,4,10,35,28,50,15,21,21,13,24,40,27,22,21,89,5
2023-05-29,31,5,2,2,6,2,31,41,12,21,34,8,25,57,22,7,23,34,4
2023-05-30,34,5,3,5,7,31,21,34,32,10,53,79,14,33,51,16,28,16,2
2023-05-31,26,7,39,38,13,36,21,54,19,16,43,15,27,85,25,10,16,18,2
2023-06-01,33,9,6,3,38,4,17,63,14,19,16,6,12,32,25,14,38,18,5
2023-06-02,1,8,34,35,27,34,27,30,10,34,21,11,27,26,88,9,29,6,32
2023-06-03,2,3,2,2,16,2,25,14,13,36,22,9,22,39,19,7,34,10,3
2023-06-04,21,7,3,8,31,1,25,35,15,19,27,8,54,39,15,8,19,6,3
2023-06-05,0,7,40,67,6,3,22,72,17,69,34,10,21,29,20,9,15,30,3
2023-06-06,0,8,5,17,12,6,60,47,21,41,50,9,37,59,65,17,35,25,2
2023-06-07,0,14,1,0,4,3,28,17,10,13,19,17,22,26,9,7,14,7,1
2023-06-08,60,5,2,67,37,1,6,32,2,10,3,6,25,13,48,61,9,4,3
2023-06-09,37,10,4,22,5,3,46,38,17,25,42,13,23,36,17,5,24,12,5
2023-06-10,1,3,3,4,2,3,24,26,15,72,15,40,16,18,23,40,21,10,3
2023-06-11,28,4,3,5,10,35,16,23,15,27,31,10,27,38,46,28,26,14,3
2023-06-12,37,12,3,9,33,8,57,65,17,18,22,6,22,25,25,9,13,8,4
2023-06-13,1,5,3,4,7,2,22,27,11,11,16,7,15,37,11,13,21,4,3
2023-06-14,1,8,4,6,2,4,23,42,6,13,28,9,24,32,7,6,24,7,35
2023-06-15,33,2,1,4,3,1,31,23,50,19,47,10,21,21,12,8,21,25,9
2023-06-16,1,9,1,5,10,32,18,22,14,14,28,21,11,33,23,9,25,5,1
2023-06-17,0,31,1,5,1,36,17,22,11,11,25,8,69,24,34,7,19,4,8
2023-06-18,1,8,34,7,8,2,13,34,18,20,33,6,51,25,17,11,31,13,4
2023-06-19,81,7,4,7,7,44,32,15,10,11,30,6,30,23,19,9,16,11,1
2023-06-20,27,3,4,4,9,7,10,18,7,12,22,9,16,13,44,5,16,7,1
2023-06-21,1,6,2,3,3,2,30,26,7,16,15,5,17,19,18,11,15,6,3
2023-06-22,2,70,6,9,4,4,17,32,9,15,18,22,38,30,14,17,14,8,30
2023-06-23,22,9,2,6,5,1,45,35,21,21,18,11,28,28,19,6,17,11,1
2023-06-24,31,9,2,6,1,16,18,30,18,15,28,9,27,37,15,6,14,8,1
2023-06-25,1,9,4,8,5,2,21,34,14,20,18,12,35,33,17,16,24,8,1
2023-06-26,57,8,2,10,8,5,25,34,17,11,22,16,16,27,21,12,14,5,2
2023-06-27,2,12,8,14,4,1,18,20,18,13,23,10,19,25,12,57,15,7,32
2023-06-28,2,5,2,11,5,3,18,25,52,18,28,7,18,27,19,9,12,11,2
2023-06-29,13,7,6,39,7,5,20,27,16,45,28,9,19,30,17,11,20,8,1
2023-06-30,1,7,4,6,8,57,38,23,18,17,68,20,21,21,12,12,7,5,35
2023-07-01,3,4,5,6,41,3,20,50,16,13,28,13,19,25,18,15,16,9,1
2023-07-02,1,12,3,5,13,1,17,21,21,16,29,14,24,34,25,13,19,9,3
2023-07-03,2,4,3,5,2,2,25,31,19,23,32,19,27,33,17,9,21,2,9
2023-07-04,8,12,5,11,5,1,24,27,14,13,22,10,46,23,15,11,20,8,1
2023-07-05,4,6,7,23,8,2,23,33,11,40,18,11,32,33,24,14,17,11,1
2023-07-06,22,67,5,17,34,20,19,29,16,18,18,7,30,21,53,11,10,10,2
2023-07-07,1,14,2,10,15,34,16,44,16,14,18,6,23,16,11,11,14,8,1
2023-07-08,1,5,4,9,3,2,26,16,11,18,20,7,21,27,17,11,15,3,2
2023-07-09,1,6,4,6,9,2,33,22,17,32,72,14,24,39,18,15,24,9,2
2023-07-10,2,11,1,9,35,8,28,42,35,25,21,20,25,33,24,8,25,3,4
2023-07-11,35,6,1,11,23,1,19,29,24,14,24,11,34,33,23,6,19,6,37
2023-07-12,1,6,2,5,4,2,65,62,27,51,23,11,30,23,27,5,21,4,1
2023-07-13,1,10,4,7,4,6,22,44,33,17,18,13,27,28,21,17,18,6,1
2023-07-14,22,23,3,23,8,3,35,35,14,12,27,10,29,31,20,10,17,2,1
2023-07-15,54,13,1,7,13,3,26,39,57,21,23,11,16,26,22,11,43,6,29
2023-07-16,4,12,2,9,6,3,19,20,21,30,26,30,23,34,26,14,27,6,3
2023-07-17,2,8,2,8,8,2,31,51,28,28,24,17,25,36,11,14,15,40,1
2023-07-18,2,5,1,10,8,1,49,43,13,25,22,25,25,34,45,4,15,1,1
2023-07-19,64,10,1,10,5,1,29,47,21,26,21,17,27,36,22,11,9,5,3
2023-07-20,1,35,5,12,6,3,23,37,18,25,21,18,21,35,25,7,16,3,1
2023-07-21,16,5,2,6,10,2,29,27,17,17,23,7,18,33,14,4,16,37,1
2023-07-22,30,3,3,4,55,1,30,54,22,26,18,14,29,25,13,14,17,12,2
2023-07-23,1,12,4,9,16,3,49,44,15,39,23,47,69,40,19,12,10,8,2
2023-07-24,1,18,4,14,3,14,30,60,22,22,22,22,29,43,25,7,14,8,3
2023-07-25,1,6,4,4,7,2,23,21,23,12,26,12,26,45,17,12,15,7,1
2023-07-26,1,8,8,5,6,3,50,32,21,20,21,13,21,40,14,8,10,4,2
2023-07-27,1,10,2,8,6,3,23,71,18,21,22,15,22,31,49,6,10,9,1
2023-07-28,1,4,2,32,6,31,23,48,14,18,27,11,22,36,21,8,14,12,1
2023-07-29,21,6,4,31,45,22,26,52,24,18,27,12,40,40,26,11,27,33,2
2023-07-30,3,6,1,29,43,31,26,51,23,27,36,30,34,53,54,12,16,12,1
2023-07-31,1,8,3,37,14,5,28,44,27,11,35,18,44,37,69,11,16,6,2
2023-08-01,2,5,5,3,7,1,25,28,17,12,36,16,29,51,21,11,16,6,2
2023-08-02,34,7,6,6,24,2,45,52,25,11,27,18,31,27,15,11,17,4,5
2023-08-03,1,3,5,4,1,7,34,27,24,19,16,14,32,44,26,9,17,7,4
2023-08-04,7,6,6,17,7,4,66,45,25,24,35,17,18,34,24,5,46,33,3
2023-08-05,21,7,6,8,5,4,29,50,29,22,24,14,31,33,19,8,19,11,6
2023-08-06,16,14,5,9,9,1,27,21,32,27,33,20,18,29,22,7,30,6,1
2023-08-07,32,8,6,28,10,3,20,28,28,21,21,10,59,38,20,43,10,7,32
2023-08-08,31,6,6,8,10,3,30,33,17,24,21,7,12,33,16,8,6,31,8
2023-08-09,1,5,39,42,5,1,32,52,28,18,19,10,22,37,19,10,10,12,3
2023-08-10,28,10,4,1,7,1,36,33,36,20,22,15,18,31,12,9,10,5,3
2023-08-11,9,9,4,5,9,2,32,38,59,20,24,10,17,38,24,8,10,7,9
2023-08-12,1,8,8,6,3,4,25,47,12,25,50,11,20,35,22,10,11,38,6
2023-08-13,4,10,3,5,5,3,47,34,22,26,46,8,21,31,77,11,43,12,8
2023-08-14,1,4,3,8,12,61,44,21,21,26,20,15,28,45,24,8,13,25,11
2023-08-15,1,10,3,14,3,7,31,50,20,19,23,14,47,50,22,7,15,39,5
2023-08-16,1,6,6,2,7,5,37,24,18,23,19,9,29,33,76,17,13,11,2
2023-08-17,29,7,2,3,9,18,27,21,18,28,15,33,12,35,23,8,12,9,2
2023-08-18,1,3,7,1,9,3,28,48,17,14,35,20,18,47,15,8,17,5,5
2023-08-19,48,5,3,45,38,33,27,24,14,46,29,8,21,31,19,7,24,7,6
2023-08-20,1,9,2,5,6,5,93,24,21,18,22,8,22,29,19,6,14,12,11
2023-08-21,1,10,10,8,12,1,29,61,18,16,26,10,21,56,21,11,17,9,7
2023-08-22,24,7,3,5,10,2,27,16,10,15,28,11,22,45,31,11,22,4,8
2023-08-23,1,6,1,28,7,36,38,24,14,41,18,13,44,30,18,14,14,5,7
2023-08-24,1,12,1,7,11,2,24,25,13,25,17,12,13,26,26,13,10,8,3
2023-08-25,1,33,4,8,4,2,28,14,20,28,19,7,16,27,26,8,13,10,4
2023-08-26,1,11,6,16,4,5,30,23,14,18,30,16,17,33,58,12,18,17,4
2023-08-27,1,11,2,10,5,3,25,21,12,19,28,13,23,34,94,9,10,10,9
2023-08-28,3,13,37,37,2,41,34,29,20,14,35,14,21,61,21,10,11,38,3
2023-08-29,2,12,2,15,9,2,25,20,22,12,21,9,14,41,25,7,16,3,3
2023-08-30,1,31,2,8,8,5,55,19,17,15,23,13,25,44,42,14,15,21,1
2023-08-31,1,26,1,4,7,3,61,19,20,21,17,19,48,47,20,12,29,36,1
2023-09-01,19,8,1,1,35,5,55,14,11,42,24,12,23,78,26,9,13,12,3
2023-09-02,3,6,3,2,2,5,20,22,22,18,14,12,24,51,26,6,12,5,5
2023-09-03,1,15,4,5,9,2,35,28,20,27,21,14,27,62,25,6,16,3,2
2023-09-04,29,12,2,21,4,3,46,29,14,23,27,15,30,55,53,14,20,42,4
2023-09-05,2,9,5,62,43,1,30,25,16,13,18,13,25,35,24,14,13,7,31
2023-09-06,3,8,3,40,8,3,32,26,14,17,23,11,23,46,48,11,53,14,5
2023-09-07,36,11,7,16,11,1,33,23,17,58,22,9,24,32,17,7,15,35,5
2023-09-08,27,1,6,50,6,38,25,13,16,52,19,8,16,25,40,7,12,23,39
2023-09-09,24,8,3,21,3,1,30,40,17,12,17,10,22,68,17,6,15,9,4
2023-09-10,1,5,2,20,68,5,39,53,23,23,21,10,26,36,19,15,17,14,2
2023-09-11,1,8,3,19,18,2,35,20,15,26,23,12,13,33,15,5,19,19,1
2023-09-12,34,6,5,5,8,4,31,15,23,17,27,10,21,26,19,11,20,10,1
2023-09-13,4,6,5,10,15,3,20,22,16,23,20,12,18,22,16,14,13,14,5
2023-09-14,2,7,2,15,33,32,27,19,17,14,14,12,68,36,18,12,43,31,1
2023-09-15,2,8,4,13,12,6,19,23,20,20,21,8,20,36,16,15,29,12,3
2023-09-16,30,9,3,10,34,3,35,24,52,17,18,8,15,21,25,6,8,14,1
2023-09-17,1,42,4,16,6,5,27,24,53,35,23,7,27,34,24,10,18,20,2
2023-09-18,1,8,3,13,30,12,20,17,50,26,25,9,45,40,42,14,41,12,38
2023-09-19,1,6,8,5,12,33,18,42,51,21,39,9,35,42,12,13,29,10,5
2023-09-20,31,7,1,13,2,2,28,31,50,13,17,9,18,26,12,7,27,9,3
2023-09-21,2,4,6,10,3,2,15,13,27,15,29,6,17,18,30,5,20,5,36
2023-09-22,4,7,4,6,3,4,25,26,25,13,27,32,26,25,16,14,20,13,4
2023-09-23,8,8,5,13,4,1,23,17,23,14,52,5,21,75,15,9,41,6,2
2023-09-24,1,11,3,8,9,2,59,41,27,22,23,12,38,30,16,5,26,6,3
2023-09-25,17,20,38,34,4,36,25,25,33,25,20,11,27,32,29,8,20,12,4
2023-09-26,4,23,2,35,3,5,15,23,24,24,49,11,29,33,38,36,12,3,3
2023-09-27,1,10,7,4,17,5,26,18,14,26,17,14,15,35,78,7,19,7,39
2023-09-28,1,5,6,12,3,5,16,39,78,19,29,5,25,34,42,4,16,9,2
2023-09-29,2,8,3,7,6,5,26,46,42,59,21,9,19,31,25,5,15,3,33
2023-09-30,36,16,3,29,14,2,23,46,23,58,27,14,19,28,28,11,13,24,27
2023-10-01,26,11,6,8,46,4,22,58,24,25,48,10,24,28,25,6,12,17,2
2023-10-02,1,11,3,10,30,7,20,36,24,45,28,2,23,50,18,6,12,30,4
2023-10-03,1,5,4,5,11,2,26,44,22,20,21,5,26,37,24,6,11,11,3
2023-10-04,1,12,4,5,2,30,35,39,42,22,13,9,18,33,26,29,10,25,1
2023-10-05,47,14,1,29,6,4,34,42,21,22,34,9,24,39,33,8,17,35,2
2023-10-06,1,7,5,32,5,1,55,30,19,28,29,8,25,36,12,6,18,16,19
2023-10-07,2,4,2,7,35,16,20,74,21,25,28,20,24,34,16,8,13,7,3
2023-10-08,1,15,4,3,6,2,54,30,23,12,25,5,32,27,23,39,18,11,4
2023-10-09,40,9,8,2,14,2,25,28,25,11,20,12,33,31,14,7,18,7,3
2023-10-10,1,9,18,4,9,2,28,25,20,22,19,4,20,20,16,7,14,9,2
2023-10-11,1,63,7,5,50,1,17,57,33,18,36,5,41,51,21,15,22,6,1
2023-10-12,5,8,3,8,5,9,33,42,30,49,20,14,11,32,50,8,9,20,2
2023-10-13,33,11,11,7,2,1,18,55,35,0,17,13,21,30,24,27,11,36,4
2023-10-14,2,11,5,3,7,5,27,24,17,90,30,13,16,38,25,12,12,12,2
2023-10-15,33,8,3,3,12,2,37,27,29,77,26,7,55,40,21,8,16,18,1
2023-10-16,1,9,6,7,9,5,28,29,36,52,32,11,25,34,19,8,22,25,5
2023-10-17,56,21,2,7,5,32,32,28,15,19,29,33,16,44,18,10,22,15,12
2023-10-18,4,44,7,1,3,4,46,29,16,41,24,19,18,41,30,4,11,14,1
2023-10-19,2,13,32,20,48,66,23,18,18,24,27,46,18,45,18,22,26,7,1
2023-10-20,1,13,7,8,24,67,29,66,8,28,28,7,15,48,21,6,13,53,4
2023-10-21,9,8,3,8,14,3,25,25,15,22,14,4,20,33,22,7,9,15,3
2023-10-22,1,8,4,1,4,2,31,23,32,19,28,10,26,40,26,15,14,39,2
2023-10-23,1,9,2,3,34,1,32,15,20,29,33,15,19,33,15,8,22,5,3
2023-10-24,2,5,1,5,15,2,29,24,19,19,23,8,22,27,15,13,11,9,1
2023-10-25,12,11,2,3,9,38,25,17,18,18,33,6,44,20,15,12,14,33,4
2023-10-26,1,5,2,6,8,3,23,16,19,62,50,7,17,25,15,10,6,6,3
2023-10-27,1,7,2,2,9,1,33,19,18,22,77,6,10,27,19,2,16,8,3
2023-10-28,5,8,3,7,4,2,12,22,11,16,26,7,56,32,19,6,11,31,9
2023-10-29,34,10,1,11,4,4,29,14,14,37,29,11,36,34,24,9,20,7,1
2023-10-30,2,7,40,5,5,1,32,17,17,16,27,7,18,30,12,9,11,6,3
2023-10-31,37,5,2,31,5,31,31,16,52,21,30,13,19,23,17,12,14,6,2
2023-11-01,1,7,2,6,7,4,21,7,10,16,28,9,18,22,47,9,14,4,36
2023-11-02,1,6,4,3,7,1,22,15,20,15,26,5,16,33,23,2,9,9,3
2023-11-03,30,28,1,15,28,3,13,14,10,20,22,4,16,23,19,7,11,6,17
2023-11-04,1,6,2,7,13,2,19,38,14,28,16,9,9,20,12,14,13,3,3
2023-11-05,1,7,3,3,7,1,22,56,18,20,19,47,44,32,28,12,20,12,2
2023-11-06,24,10,1,28,11,1,35,15,12,21,28,12,19,33,36,13,17,8,2
2023-11-07,1,9,2,1,5,2,21,19,17,13,27,8,13,24,22,6,15,5,2
2023-11-08,12,9,2,4,5,3,33,17,10,23,24,4,7,20,22,14,16,11,5
2023-11-09,5,2,3,2,7,5,23,11,20,18,21,9,20,30,19,8,19,9,5
2023-11-10,2,6,2,3,6,3,22,20,20,8,25,61,22,18,20,5,17,7,1
2023-11-11,26,3,1,1,2,5,14,16,10,17,15,5,13,34,28,8,31,6,2
2023-11-12,14,13,5,11,5,33,21,11,17,14,16,9,25,27,20,13,32,9,3
2023-11-13,1,7,4,2,9,40,21,19,16,19,17,10,27,44,22,11,29,12,7
2023-11-14,1,3,1,3,2,4,22,19,14,20,20,18,35,33,23,13,20,10,1
2023-11-15,1,4,2,4,10,2,16,19,12,8,29,11,22,22,13,9,15,9,3
2023-11-16,2,4,3,9,11,2,15,26,16,15,18,10,10,25,16,12,20,5,2
2023-11-17,1,3,1,5,5,21,13,17,11,14,20,7,17,25,18,4,16,7,1
2023-11-18,1,5,1,4,7,1,24,11,11,30,42,6,22,18,22,4,33,6,33
2023-11-19,33,8,2,3,4,6,24,20,18,33,33,6,19,22,15,12,23,41,33
2023-11-20,1,9,4,8,9,2,29,14,13,16,17,10,14,30,13,9,10,8,64
2023-11-21,1,2,2,3,10,2,26,15,13,21,24,13,13,27,21,10,13,7,1
2023-11-22,6,4,3,6,11,1,22,45,13,18,19,10,25,31,17,6,11,6,1
2023-11-23,30,5,4,6,5,2,22,11,17,19,26,9,16,21,17,11,18,12,2
2023-11-24,1,5,36,7,9,3,22,15,15,12,25,6,22,16,12,9,18,9,1
2023-11-25,2,5,4,9,2,3,30,11,18,25,20,7,21,25,12,7,12,17,35
2023-11-26,1,6,5,21,5,1,34,19,10,23,24,11,26,26,18,6,13,34,1
2023-11-27,1,14,2,10,8,1,25,13,12,22,20,12,18,26,23,6,14,11,2
2023-11-28,1,12,3,15,3,1,13,51,11,17,16,6,40,26,11,10,14,10,3
2023-11-29,1,5,3,7,8,2,22,16,19,14,29,10,15,21,24,9,20,5,4
2023-11-30,22,10,1,3,13,1,25,47,8,22,25,13,20,23,17,9,16,5,1
2023-12-01,12,10,9,6,4,2,25,3,12,16,26,8,16,31,22,9,18,16,2
2023-12-02,2,4,2,9,8,3,28,18,9,12,18,9,19,22,17,9,15,20,1
2023-12-03,2,5,6,5,7,3,33,14,11,16,54,9,75,40,18,16,67,12,2
2023-12-04,4,6,5,3,4,3,17,21,20,23,19,8,29,24,19,7,20,17,1
2023-12-05,19,5,5,5,7,34,28,20,15,19,17,12,18,31,20,12,26,19,1
2023-12-06,27,3,5,5,11,3,21,9,8,21,20,9,18,32,10,9,22,16,3
2023-12-07,0,8,36,2,3,2,26,21,15,16,23,7,22,30,14,8,26,14,6
